{"stats":{"minecraft:picked_up":{"minecraft:wheat_seeds":3,"minecraft:black_wool":1,"minecraft:mutton":3,"minecraft:spider_eye":1,"minecraft:white_wool":1},"minecraft:dropped":{"minecraft:spider_eye":1,"minecraft:wheat_seeds":3},"minecraft:custom":{"minecraft:time_since_rest":1446,"minecraft:play_time":5255,"minecraft:sprint_one_cm":10229,"minecraft:deaths":1,"minecraft:damage_taken":415,"minecraft:walk_one_cm":26858,"minecraft:walk_under_water_one_cm":621,"minecraft:mob_kills":4,"minecraft:drop":4,"minecraft:jump":170,"minecraft:damage_dealt":522,"minecraft:walk_on_water_one_cm":6152,"minecraft:time_since_death":1422,"minecraft:total_world_time":5255,"minecraft:swim_one_cm":1145,"minecraft:fall_one_cm":4625,"minecraft:fly_one_cm":24765},"minecraft:mined":{"minecraft:grass":43,"minecraft:tall_grass":4},"minecraft:killed_by":{"minecraft:skeleton":1},"minecraft:used":{"minecraft:mutton":3},"minecraft:killed":{"minecraft:sheep":2,"minecraft:spider":1,"minecraft:zombie":1}},"DataVersion":3465}