{"stats":{"minecraft:picked_up":{"minecraft:dandelion":1,"minecraft:spider_eye":1,"minecraft:golden_chestplate":1,"minecraft:leather_boots":1,"minecraft:apple":4,"minecraft:wheat_seeds":12,"minecraft:gold_nugget":20,"minecraft:hay_block":16,"minecraft:bread":8,"minecraft:obsidian":3,"minecraft:chest":2,"minecraft:black_wool":2,"minecraft:mutton":9,"minecraft:white_wool":4,"minecraft:egg":3},"minecraft:dropped":{"minecraft:wheat_seeds":7,"minecraft:spider_eye":1},"minecraft:custom":{"minecraft:time_since_rest":6966,"minecraft:sprint_one_cm":62480,"minecraft:damage_taken":584,"minecraft:walk_one_cm":73988,"minecraft:mob_kills":5,"minecraft:drop":8,"minecraft:damage_dealt":622,"minecraft:swim_one_cm":1145,"minecraft:talked_to_villager":2,"minecraft:fly_one_cm":174457,"minecraft:open_chest":4,"minecraft:play_time":17427,"minecraft:deaths":2,"minecraft:walk_under_water_one_cm":621,"minecraft:jump":691,"minecraft:leave_game":1,"minecraft:time_since_death":6933,"minecraft:walk_on_water_one_cm":6369,"minecraft:total_world_time":17427,"minecraft:fall_one_cm":22135},"minecraft:mined":{"minecraft:hay_block":8,"minecraft:dandelion":1,"minecraft:grass":122,"minecraft:chest":1,"minecraft:tall_grass":25,"minecraft:oak_leaves":1},"minecraft:killed_by":{"minecraft:iron_golem":1,"minecraft:skeleton":1},"minecraft:used":{"minecraft:black_wool":1,"minecraft:apple":1,"minecraft:leather_boots":1,"minecraft:mutton":4,"minecraft:egg":3,"minecraft:golden_chestplate":13,"minecraft:potato":6,"minecraft:dandelion":1},"minecraft:killed":{"minecraft:sheep":3,"minecraft:zombie":1,"minecraft:spider":1}},"DataVersion":3465}