{"stats":{"minecraft:picked_up":{"minecraft:black_wool":1,"minecraft:mutton":4,"minecraft:wheat_seeds":1,"minecraft:white_wool":1},"minecraft:killed":{"minecraft:sheep":2},"minecraft:mined":{"minecraft:tall_grass":4,"minecraft:grass":4},"minecraft:custom":{"minecraft:jump":67,"minecraft:time_since_rest":2176,"minecraft:damage_dealt":278,"minecraft:damage_taken":240,"minecraft:leave_game":2,"minecraft:play_time":3008,"minecraft:sprint_one_cm":8862,"minecraft:time_since_death":2109,"minecraft:walk_one_cm":10215,"minecraft:deaths":1,"minecraft:total_world_time":3008,"minecraft:mob_kills":2,"minecraft:fall_one_cm":1045,"minecraft:fly_one_cm":15814}},"DataVersion":3465}