{"stats":{"minecraft:picked_up":{"minecraft:leather_boots":1,"minecraft:apple":7,"minecraft:wheat_seeds":2,"minecraft:gold_nugget":20,"minecraft:hay_block":8,"minecraft:bread":8,"minecraft:chest":1,"minecraft:black_wool":1,"minecraft:mutton":6,"minecraft:obsidian":3,"minecraft:golden_chestplate":1,"minecraft:white_wool":2,"minecraft:egg":3},"minecraft:dropped":{"minecraft:apple":4,"minecraft:wheat_seeds":1,"minecraft:golden_chestplate":1},"minecraft:custom":{"minecraft:time_since_rest":2559,"minecraft:sprint_one_cm":74687,"minecraft:play_time":12922,"minecraft:deaths":2,"minecraft:damage_taken":731,"minecraft:walk_one_cm":31539,"minecraft:walk_under_water_one_cm":88,"minecraft:mob_kills":2,"minecraft:drop":6,"minecraft:jump":472,"minecraft:damage_dealt":296,"minecraft:leave_game":3,"minecraft:walk_on_water_one_cm":964,"minecraft:time_since_death":2509,"minecraft:total_world_time":12922,"minecraft:talked_to_villager":1,"minecraft:swim_one_cm":684,"minecraft:fall_one_cm":11367,"minecraft:fly_one_cm":122407},"minecraft:mined":{"minecraft:grass":8,"minecraft:tall_grass":4},"minecraft:killed_by":{"minecraft:iron_golem":1},"minecraft:used":{"minecraft:apple":1,"minecraft:mutton":2,"minecraft:egg":2,"minecraft:leather_boots":1},"minecraft:killed":{"minecraft:sheep":2}},"DataVersion":3465}